id,nom,prenom,email
1,Diallo,Abdoul Salam,abdoulsalam142@gmail.com
2,Ndiaye,Fatou,fatou.ndiaye@example.com
4,CAMARA,Aliou,aliou.camara@example.com,Membre
5,CISSE,Mariame,mariame.cisse@example.com,Membre
6,COULIBALY,Ramata,ramata.coulibaly@example.com,Membre
7,DABO,Souleymane,souleymane.dabo@example.com,Membre
8,DEMBELE,Maïmouna,maimouna.dembele@example.com,Membre
9,DERDESSE,Abdou Karim,abdoukarim.derdesse@example.com,Membre
10,DIA,Souleymane,souleymane.dia@example.com,Membre
11,DIA,Ousmane,ousmane.dia@example.com,Membre
12,DIALLO,Abdoul Salam,abdoulsalam.diallo@example.com,Membre
13,DIALLO,Amadou Pathé,amadoupathe.diallo@example.com,Membre
14,DIALLO,Aminata,aminata.diallo@example.com,Membre
15,DIALLO,Ibrahima,ibrahima.diallo@example.com,Membre
16,DIALLO,Salif,salif.diallo@example.com,Membre
17,DIOP,Aissata,aissata.diop@example.com,Membre
18,DJIKINE,Ramata,ramata.djikine@example.com,Membre
19,FADE,Djénéba,djeneba.fade@example.com,Membre
20,GUINDO,Ibrahima,ibrahima.guindo@example.com,Membre
21,GUIRO,Bilél,bilel.guiro@example.com,Membre
22,KEBE,Ramata Abdoul,ramataabdoul.kebe@example.com,Membre
23,KOUNDIO,Adama,adama.koundio@example.com,Membre
24,NDIAYE,Adama,adama.ndiaye@example.com,Membre
25,NIANG,Fatimata,fatimata.niang@example.com,Membre
26,PADANE,Adama,adama.padane@example.com,Membre
27,SAKHO,Halimata,halimata.sakho@example.com,Membre
28,SIBY,Abdou Karim,abdoukarim.siby@example.com,Membre
29,SOUMARE,Adama,adama.soumare@example.com,Membre
30,SOW,Kadia,kadia.sow@example.com,Membre
31,SOW,Ibrahima,ibrahima.sow@example.com,Membre
32,SY,Fatoumata Thiam,fatoumatathiam.sy@example.com,Membre
33,SY,Maïmouna,maimouna.sy@example.com,Membre
34,SY,Mohammed,mohammed.sy@example.com,Membre
35,SY,Rougui,rougui.sy@example.com,Membre
